carriers,techs,systemwide_capacity_factor
power,peaking,0.016420919043231758
power,baseload,0.9552112200396543
power,wind,0.41339239296276353
power,midmerit,0.4256195948891915
