region1,midmerit,16.8776999238
region1,wind,20.5483777609
region1,peaking,19.1852551409
region1,baseload,20.3999543031
region1,demand_power,59.3
