power,peaking,monetary,0.5882955757817229
power,wind,monetary,0.02697302102464781
power,midmerit,monetary,0.06438926275373705
power,baseload,monetary,0.04166907828887513
